<?xml version="1.0" encoding="UTF-8"?>
<project-private xmlns="http://www.netbeans.org/ns/project-private/1">
    <editor-bookmarks xmlns="http://www.netbeans.org/ns/editor-bookmarks/2" lastBookmarkId="0"/>
    <open-files xmlns="http://www.netbeans.org/ns/projectui-open-files/2">
        <group>
            <file>file:/C:/Users/Rim/Desktop/4%20-%20ING4/2%20-%20BDD/ML2/ML2/Application/src/test/SingleUserTest.java.bak</file>
            <file>file:/C:/Users/Rim/Desktop/4%20-%20ING4/2%20-%20BDD/ML2/ML2/Application/src/model/DataAccess.java</file>
            <file>file:/C:/Users/Rim/Desktop/4%20-%20ING4/2%20-%20BDD/ML2/ML2/Application/src/test/TestStats.java</file>
            <file>file:/C:/Users/Rim/Desktop/4%20-%20ING4/2%20-%20BDD/ML2/ML2/Application/src/test/MultiUserTest.java</file>
            <file>file:/C:/Users/Rim/Desktop/4%20-%20ING4/2%20-%20BDD/ML2/ML2/Application/src/test/SingleUserTest.java</file>
            <file>file:/C:/Users/Rim/Desktop/4%20-%20ING4/2%20-%20BDD/ML2/ML2/Application/src/test/DataStoreInit.java</file>
            <file>file:/C:/Users/Rim/Desktop/4%20-%20ING4/2%20-%20BDD/ML2/ML2/Application/src/model/Booking.java</file>
        </group>
    </open-files>
</project-private>
